"keys","pl"
"DEAD AIR '87","DEAD AIR '87"
"Co-op horror run & gun","Kooperacyjny horror run & gun"
"Co-op horror run & gun  ·  prototype","Kooperacyjny horror run & gun  ·  prototyp"
"MULTIPLAYER","SIECIOWA"
"OPTIONS","OPCJE"
"CONTROLS","STEROWANIE"
"HOST GAME","HOSTUJ GRĘ"
"JOIN","DOŁĄCZ"
"STEAM HOST","HOST STEAM"
"STEAM JOIN","DOŁĄCZ (STEAM)"
"host IP, e.g. 192.168.0.12","IP hosta, np. 192.168.0.12"
"Steam lobby ID","ID lobby Steam"
"LAN / direct: the host's IP address (port 8910)","LAN / bezpośrednio: adres IP hosta (port 8910)"
"Host a game, or enter the host's IP and join.","Hostuj grę albo wpisz IP hosta i dołącz."
"Chosen by the host. Applies to enemies, the stalker, the boss, noise and drops.","Wybiera host. Dotyczy wrogów, Stalkera, bossa, hałasu i łupów."
"Shout into the microphone to scream (same as G). Processed locally, never recorded. Click: OFF > LOW > MED > HIGH sensitivity.","Krzyknij do mikrofonu, żeby wrzasnąć (jak G). Przetwarzane lokalnie, nigdy nagrywane. Klik: WYŁ. > NISKA > ŚR. > WYSOKA czułość."
"Chosen by the host. Click to cycle: campaign, safe room, night shift.","Wybiera host. Klik przełącza: kampania, kryjówka, nocny dyżur."
"Steam lobby + invites (App ID 480 test)","Lobby Steam + zaproszenia (testowe App ID 480)"
"Needs the GodotSteam addon and the Steam client — see README","Wymaga wtyczki GodotSteam i klienta Steam — patrz README"
"MODE: < %s >","TRYB: < %s >"
"DIFFICULTY:  < %s >","TRUDNOŚĆ:  < %s >"
"CAMPAIGN","KAMPANIA"
"SAFE ROOM","KRYJÓWKA"
"NIGHT SHIFT","NOCNY DYŻUR"
"Campaign: Zone I missions in order, with the safe room between them.","Kampania: misje Strefy I po kolei, z kryjówką między nimi."
"Safe room: start in the hideout — swap guns, read the board and the results wall, ready up to head out on the campaign.","Kryjówka: start w kryjówce — wymień broń, przeczytaj tablicę i ścianę wyników, zgłoś gotowość i ruszaj w kampanię."
"Night Shift: five missions in a row, each harder, with random modifiers. A squad wipe ends the run.","Nocny Dyżur: pięć misji pod rząd, każda trudniejsza, z losowymi modyfikatorami. Wipe drużyny kończy serię."
"PLAY","GRAJ"
"SETTINGS","USTAWIENIA"
"BACK","WSTECZ"
"QUIT","WYJŚCIE"
"CLICK AGAIN TO QUIT","KLIKNIJ PONOWNIE, ABY WYJŚĆ"
"Esc: settings","Esc: ustawienia"
"EASY","ŁATWY"
"NORMAL","NORMALNY"
"HARD","TRUDNY"
"PAUSED","PAUZA"
"The game is paused.","Gra jest zatrzymana."
"The game keeps running — your squad is still out there.","Gra trwa dalej — twoja drużyna wciąż tam jest."
"Changes are saved automatically.","Zmiany zapisują się automatycznie."
"RESUME","WZNÓW"
"LEAVE SESSION","OPUŚĆ SESJĘ"
"QUIT GAME","WYJDŹ Z GRY"
"Back to the start screen (the host's squad keeps playing if you are a client)","Powrót do ekranu startowego (drużyna hosta gra dalej, jeśli jesteś klientem)"
"Closes the game (your squad keeps playing if you are the client)","Zamyka grę (drużyna gra dalej, jeśli jesteś klientem)"
"BESTIARY","BESTIARIUSZ"
"WEAPONS","BROŃ"
"GEAR","SPRZĘT"
"PERKS","PERKI"
"AUDIO","DŹWIĘK"
"Master volume","Głośność ogólna"
"Music & ambience","Muzyka i otoczenie"
"Effects","Efekty"
"GAMEPLAY","ROZGRYWKA"
"Screen shake","Wstrząsy ekranu"
"Sneak key","Klawisz skradania"
"Tips for new players","Podpowiedzi dla nowych graczy"
"Microphone scream","Krzyk mikrofonem"
"DISPLAY","OBRAZ"
"HUD size","Rozmiar HUD"
"Fullscreen  (%s)","Pełny ekran  (%s)"
"Window size","Rozmiar okna"
"V-Sync","V-Sync"
"Frame rate limit","Limit klatek"
"Effects quality","Jakość efektów"
"Weather effects","Efekty pogody"
"Graphics (restart)","Grafika (restart)"
"Characters (restart)","Postacie (restart)"
"ACCESSIBILITY","DOSTĘPNOŚĆ"
"Reduce effects","Ogranicz efekty"
"Sound captions","Napisy dźwięków"
"Color vision","Widzenie barw"
"Language","Język"
"FULL","PEŁNE"
"HALF","POŁOWA"
"OFF","WYŁ."
"ON","WŁ."
"REDUCED","OGRANICZONE"
"ADAPTIVE","ADAPTACYJNY"
"UNLIMITED","BEZ LIMITU"
"FULLSCREEN","PEŁNY EKRAN"
"LOW","NISKA"
"MEDIUM","ŚREDNIA"
"HIGH","WYSOKA"
"PROTANOPIA","PROTANOPIA"
"DEUTERANOPIA","DEUTERANOPIA"
"TRITANOPIA","TRYTANOPIA"
"SMALL","MAŁY"
"LARGE","DUŻY"
"HOLD","TRZYMAJ"
"TOGGLE","PRZEŁĄCZ"
"HD","HD"
"CLASSIC","KLASYCZNA"
"SPRITES","SPRITE'Y"
"3D (BETA)","3D (BETA)"
"ACTION","AKCJA"
"KEYBOARD / MOUSE","KLAWIATURA / MYSZ"
"PAD","PAD"
"Fixed","Stałe"
"Click a key, then press the new one  (Esc cancels)","Kliknij klawisz, potem naciśnij nowy  (Esc anuluje)"
"RESET TO DEFAULTS","PRZYWRÓĆ DOMYŚLNE"
"All controls reset to defaults.","Przywrócono domyślne sterowanie."
"Click, then press the new %s","Kliknij, potem naciśnij nowy %s"
"%s: press the new %s  (Esc cancels)","%s: naciśnij nowy %s  (Esc anuluje)"
"press a key…","naciśnij klawisz…"
"press a button…","naciśnij przycisk…"
"Cancelled.","Anulowano."
"That key cannot be used here.","Tego klawisza nie można tu użyć."
"   (swapped with %s)","   (zamieniono z %s)"
"key","klawisz"
"pad button","przycisk pada"
"Move left","Ruch w lewo"
"Move right","Ruch w prawo"
"Aim / move up","Celuj / w górę"
"Aim down / drop","Celuj w dół / zeskok"
"Jump","Skok"
"Fire","Strzał"
"Reload","Przeładowanie"
"Fire mode","Tryb ognia"
"Melee","Cios"
"Weapon 1","Broń 1"
"Weapon 2","Broń 2"
"Weapon 3","Broń 3"
"Next weapon","Następna broń"
"Previous weapon","Poprzednia broń"
"Sneak","Skradanie"
"Overcharge (lure)","Przesterowanie (wabik)"
"Scream","Krzyk"
"Flare","Flara"
"Flashlight","Latarka"
"Interact / revive","Użyj / podnieś kolegę"
"Use item","Użyj przedmiotu"
"Switch item","Zmień przedmiot"
"Confirm / ready up","Potwierdź / gotowość"
"Controls overlay","Ściąga sterowania"
"Pause menu","Menu pauzy"
"Steam invite","Zaproszenie Steam"
"Fullscreen","Pełny ekran"
"Move & aim","Ruch i celowanie"
"Jump (hold = higher)","Skok (trzymaj = wyżej)"
"Drop through a catwalk","Zeskok z kładki"
"Sneak — silent","Skradanie — cicho"
"Fire — makes NOISE","Strzał — robi HAŁAS"
"Fire mode (auto / burst)","Tryb ognia (auto / seria)"
"Switch weapon","Zmiana broni"
"Overcharge — lure HIM away","Przesterowanie — odciągnij GO"
"Scream — lures enemies","Krzyk — wabi wrogów"
"Flare — light bait, no noise","Flara — światło-przynęta, bez hałasu"
"Use item / switch item","Użyj przedmiotu / zmień przedmiot"
"Flashlight — light is noise","Latarka — światło to hałas"
"Take weapon / revive","Weź broń / podnieś kolegę"
"Controls on / off","Sterowanie wł. / wył."
"Steam invite (host)","Zaproszenie Steam (host)"
"NOISE","HAŁAS"
"CALM","SPOKÓJ"
"UNEASY","NIEPOKÓJ"
"HUNTED","POŚCIG"
"SAFE","BEZPIECZNIE"
"SQUAD","DRUŻYNA"
"ALT","ALT"
"FRAG","ODŁAMK."
"AI","AI"
"YOU","TY"
"OBJECTIVE","CEL"
"THE VEIN — MOTHER OF NESTS","ŻYŁA — MATKA GNIAZD"
"They know this trick — move before you lure again","Znają tę sztuczkę — zmień miejsce, zanim znów zwabisz"
"%s  controls","%s  sterowanie"
"TIP","PORADA"
"TIP  ","PORADA  "
"EXTRACTION COMPLETE","EKSTRAKCJA UDANA"
"The squad made it out of the woods.","Drużyna wyszła z lasu."
"The patrol's tags are with the squad — time to go home.","Nieśmiertelniki patrolu są u drużyny — czas wracać."
"THANKS FOR PLAYING THE DEMO","DZIĘKI ZA GRĘ W DEMO"
"Wishlist DEAD AIR '87 on Steam — more zones, weapons and monsters are coming.","Dodaj DEAD AIR '87 do listy życzeń na Steam — nadchodzą kolejne strefy, bronie i potwory."
"[%s]  Open the Steam page","[%s]  Otwórz stronę Steam"
"HE HEARS YOU","ON CIĘ SŁYSZY"
"Go quiet until the noise drops below 30% — or use Q to lure him off","Ucisz się, aż hałas spadnie poniżej 30% — albo użyj Q, by go odciągnąć"
"SOMETHING IS LISTENING…","COŚ NASŁUCHUJE…"
"Above 60% noise he wakes up","Powyżej 60% hałasu on się budzi"
"SQUAD DOWN","DRUŻYNA POLEGŁA"
"PATROL SEVEN — RADIO","PATROL SIÓDMY — RADIO"
"KILLS","ZABÓJSTWA"
"DOWNS","UPADKI"
"REVIVED","PODNIESIONY"
"(you)","(ty)"
"Time","Czas"
"Dog tags found","Znalezione nieśmiertelniki"
"Hidden stashes","Ukryte skrytki"
"Squad downs","Upadki drużyny"
"Attempt","Próba"
"Scrap banked","Złom zabezpieczony"
"Continue","Dalej"
"New shift","Nowy dyżur"
"Next mission","Następna misja"
"Waiting for the host to continue…","Czekam, aż host ruszy dalej…"
"Hold [{interact}]  Pump  (you can't shoot while pumping)","Trzymaj [{interact}]  Pompuj  (nie możesz strzelać podczas pompowania)"
"Pumping…  release [{interact}] to shoot","Pompowanie…  puść [{interact}], by strzelać"
"Hold [{interact}]  Start the generator  (loud)","Trzymaj [{interact}]  Uruchom generator  (głośno)"
"Starting the generator…","Uruchamianie generatora…"
"The handcar has no power — start all the generators","Drezyna nie ma zasilania — uruchom wszystkie generatory"
"Step onto the handcar","Wejdź na drezynę"
"LOCKED  ·  %s","ZABLOKOWANE  ·  %s"
"[%s]  Workshop  ·  SCRAP %d","[%s]  Warsztat  ·  ZŁOM %d"
"[%s]  Take %s  (drops %s)","[%s]  Weź %s  (upuszcza %s)"
"[%s]  Take ammo for %s","[%s]  Weź amunicję do %s"
"[%s] RELOAD","[%s] PRZEŁADUJ"
"RELOADING %d%%","PRZEŁADOWANIE %d%%"
"CHARGING %d%%","ŁADOWANIE %d%%"
"[Gunfire]","[Strzały]"
"[Heavy shotgun blast]","[Ciężki strzał ze strzelby]"
"[Grenade launch]","[Wystrzał granatnika]"
"[Railgun blast]","[Strzał z szyny]"
"[Rocket launch]","[Wystrzał rakiety]"
"[Crossbow]","[Kusza]"
"[Beam hum]","[Szum promienia]"
"[Flamethrower]","[Miotacz ognia]"
"[Swing]","[Zamach]"
"[Reloading]","[Przeładowanie]"
"[Click]","[Trzask]"
"[Pistol shot]","[Strzał z pistoletu]"
"[Shotgun blast]","[Strzał ze strzelby]"
"[Thunder]","[Grzmot]"
"[Explosion]","[Wybuch]"
"[Low growl]","[Niski pomruk]"
"[Shriek]","[Wrzask]"
"[Heavy footsteps]","[Ciężkie kroki]"
"[Whispering]","[Szepty]"
"[Something appears]","[Coś się pojawia]"
"[Distant cry]","[Odległy krzyk]"
"[Creaking]","[Skrzypienie]"
"[Distant thud]","[Odległy łomot]"
"[Wind gust]","[Podmuch wiatru]"
"[Footsteps]","[Kroki]"
"[Cry of pain]","[Krzyk bólu]"
"[Teammate down]","[Kolega padł]"
"[Revived]","[Podniesiony]"
"[Glass breaks]","[Tłucze się szkło]"
"[Alarm bell]","[Dzwonek alarmu]"
"[Door]","[Drzwi]"
"[Impact]","[Uderzenie]"
"[Ricochet]","[Rykoszet]"
"[Radio beep]","[Sygnał radia]"
"[Casing drops]","[Spada łuska]"
"[Ringing]","[Dzwonienie w uszach]"
"  (far)","  (daleko)"
"{move} to move  ·  {jump} to jump  ·  hold {crouch} to sneak — sneaking is silent","{move} — ruch  ·  {jump} — skok  ·  trzymaj {crouch}, by się skradać — skradanie jest ciche"
"Safe room — nothing hunts you here. Read the board, spend scrap at the workshop bench ({interact}), then press {restart} to ready up","Kryjówka — nic tu na ciebie nie poluje. Przeczytaj tablicę, wydaj złom przy ławie warsztatu ({interact}), potem naciśnij {restart}, by zgłosić gotowość"
"Every shot makes NOISE. Watch the meter in the top-left corner","Każdy strzał robi HAŁAS. Obserwuj miernik w lewym górnym rogu"
"Something is asleep close by — hold {crouch} and walk: a crouching step is silent and wakes it from half the distance","Coś śpi tuż obok — trzymaj {crouch} i idź: skradanie jest ciche i budzi z połowy dystansu"
"Attention is up. Stop shooting — in silence the meter drains fast. Sneaking ({crouch}) is silent too","Uwaga rośnie. Przestań strzelać — w ciszy miernik szybko opada. Skradanie ({crouch}) też jest ciche"
"The transmitter is live and HE heard it. Press {overcharge} to throw a lure and pull him away — then run for the exit","Nadajnik działa i ON go usłyszał. Naciśnij {overcharge}, by rzucić wabik i odciągnąć go — potem biegnij do wyjścia"
"Stand on the handcar and HOLD {interact} to pump — more hands, more speed. You cannot shoot while pumping","Stań na drezynie i TRZYMAJ {interact}, by pompować — więcej rąk, większa prędkość. Nie możesz strzelać podczas pompowania"
"Hold {interact} at a generator to start it. The work is loud, and a running generator keeps humming","Trzymaj {interact} przy generatorze, by go uruchomić. Praca jest głośna, a działający generator wciąż buczy"
"Something is listening. Stop shooting, sneak ({crouch}) — or press {overcharge} to lure it away","Coś nasłuchuje. Przestań strzelać, skradaj się ({crouch}) — albo naciśnij {overcharge}, by to odciągnąć"
"A friend is down — stand next to them and HOLD {interact} to revive","Kolega padł — stań obok i TRZYMAJ {interact}, by go podnieść"
"You are down. Stay still — a teammate can revive you before you bleed out","Leżysz. Nie ruszaj się — kolega może cię podnieść, zanim się wykrwawisz"
"{flashlight} toggles the flashlight. Light is noise too — turn it off to hide","{flashlight} przełącza latarkę. Światło to też hałas — wyłącz je, by się ukryć"
"{flare} throws a flare: bait that draws enemies with light instead of noise","{flare} rzuca flarę: przynętę, która wabi wrogów światłem zamiast hałasem"
"{throw} uses the selected item (grenades, mine, charge, medkit, defibrillator, scanner), {throw_next} switches. A frag or a charge hurts the squad too","{throw} używa wybranego przedmiotu (granaty, mina, ładunek, apteczka, defibrylator, skaner), {throw_next} zmienia. Odłamkowy i ładunek ranią też drużynę"
"Swing the pickaxe ({melee}) at the cracked brick wall to break through — it is loud","Uderz kilofem ({melee}) w spękany murek, by się przebić — to głośne"
"{firemode} switches the M-83 between full auto and a quiet 3-round burst","{firemode} przełącza M-83 między pełnym automatem a cichą serią 3 strzałów"
"Find the patrol's dog tags   %d / %d","Znajdź nieśmiertelniki patrolu   %d / %d"
"Start the radio generators   %d / %d","Uruchom generatory radiostacji   %d / %d"
"Destroy the nests   %d / %d","Zniszcz gniazda   %d / %d"
"Kill the leech — bait it to surface, then hit it","Zabij pijawkę — zwab ją na powierzchnię, potem uderz"
"Kill The Vein — shoot her mouth while it's OPEN","Zabij Żyłę — strzelaj w paszczę, gdy jest OTWARTA"
"Keep pumping — the exit is %d m ahead","Pompuj dalej — wyjście jest %d m przed wami"
"Get to the handcar   %s %d m","Idź do drezyny   %s %d m"
"Reach the green flare","Dotrzyj do zielonej flary"
"At the flare","Przy flarze"
"Reach the green flare   %s %d m","Dotrzyj do zielonej flary   %s %d m"
"Departing in %d…   [{restart}] cancel","Wyruszamy za %d…   [{restart}] anuluj"
"%d / %d ready","%d / %d gotowych"
"READY  ·  %s  ·  [{restart}] cancel","GOTOWY  ·  %s  ·  [{restart}] anuluj"
"[{restart}]  Ready up  ·  %s","[{restart}]  Zgłoś gotowość  ·  %s"
"Walk over a dog tag to take it  ·  side goal: %d hidden stashes (%d / %d)","Podejdź do nieśmiertelnika, by go zabrać  ·  cel poboczny: %d ukryte skrytki (%d / %d)"
"Walk over a dog tag to take it  ·  shooting is loud — sneak (SHIFT) to stay quiet","Podejdź do nieśmiertelnika, by go zabrać  ·  strzelanie jest głośne — skradaj się (SHIFT), by być cicho"
"Hold {interact} at a generator  ·  a running one keeps humming  ·  stealth bonus lost","Trzymaj {interact} przy generatorze  ·  działający buczy  ·  bonus za ciszę utracony"
"Hold {interact} at a generator  ·  it is loud  ·  bonus: stay under %d%% Attention","Trzymaj {interact} przy generatorze  ·  jest głośno  ·  bonus: zostań poniżej %d%% Uwagi"
"Nests are loud when destroyed — they wake what's nearby","Gniazda są głośne po zniszczeniu — budzą okolicę"
"Light shows its shadow, but only a surfaced leech takes full damage","Światło pokazuje jej cień, ale pełne obrażenia ponosi tylko wynurzona pijawka"
"Light her mouth mid wind-up to stun  ·  {overcharge} lures her away","Poświeć jej w paszczę w trakcie zamachu, by ogłuszyć  ·  {overcharge} ją odciąga"
"Hold {interact} aboard to pump  ·  more hands = faster  ·  he is coming — {overcharge} lures him","Trzymaj {interact} na pokładzie, by pompować  ·  więcej rąk = szybciej  ·  on nadchodzi — {overcharge} go odciąga"
"The transmitter is live — he heard it  ·  {overcharge} lures him away","Nadajnik działa — on go usłyszał  ·  {overcharge} go odciąga"
"The mine is coming down — the way back is gone. Climb the shaft to the flare!","Kopalnia się wali — drogi powrotnej nie ma. Wspinaj się szybem do flary!"
"The whole squad, standing, at the flare for 3 s","Cała drużyna, na nogach, przy flarze przez 3 s"
"NIGHT SHIFT %d/%d  ·  %s","NOCNY DYŻUR %d/%d  ·  %s"
"NIGHT SHIFT  %d / %d","NOCNY DYŻUR  %d / %d"
"the next mission","następną misję"
"1.1  MISSING PATROL","1.1  ZAGINIONY PATROL"
"1.2  RADIO SILENCE","1.2  PRZERWA W NADAWANIU"
"1.3  THE NEST","1.3  GNIAZDO"
"B1  THE LEECH","B1  PIJAWKA"
"Patrol Seven, do you read? ...we went into the trees. Something is listening.","Patrol Siódmy, słyszycie? …weszliśmy między drzewa. Coś nasłuchuje."
"Find our tags. Shoot only when you must — noise carries. Crouch and the dark can’t hear you.","Znajdźcie nasze nieśmiertelniki. Strzelajcie tylko w razie potrzeby — hałas niesie się daleko. Skradajcie się, a mrok was nie usłyszy."
"Find the three dog tags of the missing patrol and get out through the mine. Side goal: two hidden stashes off the main route.","Znajdź trzy nieśmiertelniki zaginionego patrolu i wyjdź przez kopalnię. Cel poboczny: dwie ukryte skrytki poza główną trasą."
"Start all four radio generators spread across the map, then escape through the deep tunnel on the handcar. Bonus: keep Attention under 40 until the last one.","Uruchom wszystkie cztery generatory radiostacji rozrzucone po mapie, potem uciekaj głębokim tunelem na drezynie. Bonus: utrzymaj Uwagę poniżej 40 do ostatniego."
"Destroy every nest, kill The Vein when she wakes, then get the whole squad to the green flare.","Zniszcz każde gniazdo, zabij Żyłę, gdy się obudzi, potem zaprowadź całą drużynę do zielonej flary."
"...the water moves on its own. Don't wade in the dark.","…woda porusza się sama. Nie brnij w ciemności."
"Flares show its shadow. Shoot it when it shows.","Flary pokazują jej cień. Strzelaj, gdy się pokaże."
"Something lives in the flooded hall. Light shows its shadow under the water, but it only takes full damage when it surfaces — bait the ambush, then hit it. Watch the tide.","W zalanej hali coś mieszka. Światło pokazuje jej cień pod wodą, ale pełne obrażenia ponosi dopiero po wynurzeniu — zwab ją z zasadzki, potem uderz. Uważaj na przypływ."
"...the transmitter is still humming. Whatever listens out there heard it too.","…nadajnik wciąż buczy. Cokolwiek tam nasłuchuje, też to słyszało."
"Restock. Swap guns at the racks. Check the board for the next job.","Uzupełnij zapasy. Wymień broń na stojakach. Sprawdź tablicę, co dalej."
"CLEAR NIGHT","POGODNA NOC"
"RAIN","DESZCZ"
"STORM","BURZA"
"FOG","MGŁA"
"No wind, no rain. Nothing helps you and nothing hurts you.","Bez wiatru, bez deszczu. Nic ci nie pomaga i nic nie szkodzi."
"NOISE -25%  ·  START 20","HAŁAS -25%  ·  START 20"
"Rain on the roofs: every noise is 25% quieter. The squad is on edge, though: attention starts at 20.","Deszcz na dachach: każdy hałas jest o 25% cichszy. Drużyna jest jednak na nerwach: Uwaga startuje od 20."
"NOISE -40%  ·  AMMO -25%","HAŁAS -40%  ·  AMUNICJA -25%"
"Thunder swallows sound: every noise is 40% quieter. But the supply crates are soaked: 25% less ammo.","Grzmot pochłania dźwięk: każdy hałas jest o 40% cichszy. Ale skrzynie z zaopatrzeniem są przemoczone: o 25% mniej amunicji."
"NOISE -15%  ·  STALKER 50 / 20","HAŁAS -15%  ·  STALKER 50 / 20"
"Fog dulls sound: noise is 15% quieter. The stalker senses you from further away: wakes at 50, sleeps at 20.","Mgła tłumi dźwięk: hałas jest o 15% cichszy. Stalker wyczuwa cię z dalej: budzi się przy 50, zasypia przy 20."
"Attention starts at 50","Uwaga startuje od 50"
"Half the ammo, in crates and from enemies","Połowa amunicji, ze skrzyń i od wrogów"
"The stalker wakes at 45 and sleeps at 15","Stalker budzi się przy 45 i zasypia przy 15"
"Every noise is 50% louder","Każdy hałas jest o 50% głośniejszy"
"WORKSHOP","WARSZTAT"
"ARMS","BROŃ"
"SUPPLIES","ZAOPATRZENIE"
"LOOK","WYGLĄD"
"BOSS REWARD","NAGRODA ZA BOSSA"
"LATER ZONE","PÓŹNIEJSZA STREFA"
"Already wearing %s.","Już nosisz: %s."
"%s (%s) equipped.","Założono: %s (%s)."
"Unlocks at level %d.","Odblokowuje się na poziomie %d."
"%s  ·  unlocks at level %d","%s  ·  odblokowuje się na poz. %d"
"Wearing","Noszone"
"%s removed.","Zdjęto: %s."
"Reach level %d to unlock %s.","Osiągnij poziom %d, by odblokować: %s."
"Slot %d unlocks at level %d.","Slot %d odblokowuje się na poziomie %d."
"%s equipped in slot %d.","Założono %s w slocie %d."
"EQUIPPED  ·  SLOT %d","ZAŁOŻONE  ·  SLOT %d"
"AVAILABLE","DOSTĘPNE"
"empty","pusty"
"Perk  ·  unlocks at level %d","Perk  ·  odblokowuje się na poz. %d"
"Remove from slot %d","Zdejmij ze slotu %d"
"Locked  ·  reach level %d","Zablokowane  ·  osiągnij poziom %d"
"Slot %d unlocks at level %d","Slot %d odblokowuje się na poziomie %d"
"Equip in slot %d","Załóż w slocie %d"
"%s unlocked — take it from the rack.","Odblokowano %s — weź ją ze stojaka."
"Not enough scrap (%d needed).","Za mało złomu (potrzeba %d)."
"%s is already unlocked.","%s jest już odblokowana."
"Not available yet — a later zone.","Jeszcze niedostępne — późniejsza strefa."
"Defeat the Leech to unlock it.","Pokonaj Pijawkę, by ją odblokować."
"%s upgraded to tier %d.","%s ulepszona do poziomu %d."
"%s is fully upgraded.","%s jest w pełni ulepszona."
"Unlock %s first.","Najpierw odblokuj: %s."
"Cannot do that.","Nie można tego zrobić."
"No scrap in this mode","Brak złomu w tym trybie"
"The squad is carrying the maximum","Drużyna niesie maksimum"
"Buy +1  ·  %d scrap","Kup +1  ·  %d złomu"
"%s bought — the squad now carries %d.","Kupiono %s — drużyna niesie teraz %d."
"The squad cannot carry more %s.","Drużyna nie uniesie więcej: %s."
"No scrap in this mode.","Brak złomu w tym trybie."
"Reward for the Leech","Nagroda za Pijawkę"
"Buy  ·  %d scrap","Kup  ·  %d złomu"
"Upgrade to tier %d  ·  %d scrap","Ulepsz do poziomu %d  ·  %d złomu"
"Fully upgraded","W pełni ulepszona"
"UPGRADES","ULEPSZENIA"
"%s unlocked.","%s odblokowana."
"reward for the Leech","nagroda za Pijawkę"
"%d scrap at the workshop","%d złomu w warsztacie"
"available in a later zone","dostępne w późniejszej strefie"
"NO MISSIONS YET","JESZCZE BRAK MISJI"
"ARROWS select","STRZAŁKI wybór"
"%s select   ·   %s buy / upgrade / equip   ·   %s arms / supplies / perks / look   ·   %s close   ·   or click","%s wybór   ·   %s kup / ulepsz / załóż   ·   %s broń / zaopatrzenie / perki / wygląd   ·   %s zamknij   ·   albo klik"
"[%s]  Owl scanner — %d s, shows enemies through walls (emits noise)","[%s]  Skaner „Sowa” — %d s, pokazuje wrogów przez ściany (emituje hałas)"
"Hold [%s]  Use the medkit on %s  (%d s)","Trzymaj [%s]  Użyj apteczki na: %s  (%d s)"
"Hold [%s]  Defibrillate %s  (%d m away)","Trzymaj [%s]  Defibrylacja: %s  (%d m stąd)"
"Defibrillating %s…","Defibrylacja: %s…"
"Hold [%s] to revive %s","Trzymaj [%s], by podnieść: %s"
"the bot","bota"
